"","location","time","text","likes","retweet","comment","tool"
"1","无","2019-04-25 20:19","[置顶]因询问者较多，统一回复：该活动共青团中央并未参与↓  原图 ",2475,656,732,"无"
"2","无","2019-04-25 22:31","这是从嫦娥四号中继星“鹊桥”上拍摄的月地合影。深邃的太空中，有两颗闪亮的星，仿佛你和我，携手同行。#2019中国航天日# 晚安  原图 ",1217,198,235,"vivo X27 4800万三摄"
"3","无","2019-04-25 21:21","【一周团团微博热榜：国风新时代，中国正少年】这一周，我们为在斯里兰卡遇难的同胞哀悼；这一周，我们在世界阅读日畅聊图书，挑选自己喜爱的书单；这一周，我们相聚南京，共享国风音乐之美；这一周，我们热情交流着在b站的学习经历……这是我们#青春的声音#  原图 ",684,104,123,"vivo X27 4800万三摄"
"4","无","2019-04-25 18:59","【硬核！中国卫星发送摩斯密码为海军庆生】为庆祝人民海军成立70周年，4月23日22点40分00秒至22点41分59秒，瓢虫一号卫星在太原上空用肉眼可见聚光灯阵闪烁发送了一串摩斯密码。天文爱好者们破解了这串密码——“加油人民海军”。网友：科学家浪漫起来还有我们什么事 @人民日报（来源/新华社 摄影/苏少杰）                  原图                             ",2673,813,323,"无"
"5","无","2019-04-25 17:49","【梦在前，无所惧！五四精神，等你传递  】你听，他们说我们是中建青年我们是祖国忠诚的儿女#五四精神传承有我#  共青团中央的微博视频  ",814,252,124,"360安全浏览器"
"6","无","2019-04-25 16:54","【梦在前，无所惧！五四精神，等你传递  】五四百年，激昂青春，传递正能量。无论你在那里，无论你是个人还是团体，无论是海报还是视频，我们都在这里等着你哦。#五四精神传承有我#  投稿邮箱看这里→xmtgzc@163.com @哔哩哔哩弹幕网 @西藏共青团 @广东共青团 @海航集团HNA @中国航空工业集团有限公司 @黑龙江共青团 @内蒙古科技大学团委 @雅安青年 @中建安装             [组图共9张]      原图                             ",637,176,107,"360安全浏览器"
"7","无","2019-04-25 15:40","【梦在前，无所惧！五四精神，等你传递  】你们用一身正气维护一方安宁，用责任担当捍卫国家尊严，用青春音符谱写动人乐章。都说岁月静好，皆因有你们负重前行。#五四精神传承有我#@平安包头 共青团中央的秒拍视频  ",597,187,100,"360安全浏览器"
"8","无","2019-04-25 14:59","【正直播 | 到西部奋斗，让青春出彩】2019年#西部计划#开始报名啦！西部计划是什么？我们能做哪些事？如何报名……2019年大学生志愿服务西部计划全国宣讲报告会正在@南开大学 进行↓↓转走这条微博！趁着青春，叫上朋友一起做有意义的事情吧 @共青团中央 的一直播  ",506,145,185,"一直播"
"9","无","2019-04-25 14:27","【转发祝贺！谢文骏夺男子110米栏冠军，破刘翔亚锦赛纪录】北京时间昨夜今晨，2019年亚洲田径锦标赛继续在卡塔尔进行。在男子110米栏决赛中，中国选手谢文骏以13秒21夺得冠军！打破了刘翔在2011年创下的13秒22赛会纪录，同时也是这个项目今年的世界最好成绩。http://t.cn/EaQLsgf  ",2103,332,280,"vivo X27 4800万三摄"
"10","无","2019-04-25 13:45","【危险！经过学校不顾学生阻拦，轿车竟顶着小学生强行通过】23日中午，河南邓州，一辆黑色轿车放学时间通过学校门口，不顾两名值日小学生阻拦，开车顶着学生强行前行。据@平安邓州 通报，驾驶员胡某扰乱学校周边公共场所秩序，情节严重，处以行政拘留五日的处罚。学校也应采取有效措施，保护学生安全。时间视频的秒拍视频                                 ",671,171,452,"vivo X27 4800万三摄"
"11","无","2019-04-25 12:13","【这场属于青春的快闪，即将拉开帷幕】由共青团中央社会联络部、中国舞蹈家协会主办，CHUC全国街舞联盟、相关省市团委承办，《这！就是街舞》栏目组支持的“跃动我青春·筑梦新时代”纪念五四运动100周年主题快闪活动，近日正式启动！青春心向党·建功新时代！向伟大祖国献礼！@中国舞蹈家协会街舞委员会 #跃动我青春筑梦新时代#                  原图                             ",2261,29455,750,"帅团的Android"
"12","无","2019-04-25 10:50","【梦在前，无所畏！五四精神，传承有我】不同的棱角折射不一样的光芒，不同的阶段散发不一样的荣耀。青春最好的姿态，就是拼搏努力，以青春的名义，为新时代建功立业。用#青春随手拍#，展现不一样的青春风采！  [组图共9张] 原图 ",1071,357,195,"无"
"13","无","2019-04-25 10:19","【走！到西部奋斗，让青春出彩】2019年#西部计划#开始报名啦！西部计划是什么？我们能做哪些事？如何报名……关于西部计划的一切，都将在今日下午15时的“2019年大学生志愿服务西部计划全国宣讲报告会”中为你揭晓，届时团团将通过微博同步直播。趁着青春，叫上朋友一起做有意义的事情吧  原图 ",761,247,264,"vivo X27 4800万三摄"
"14","无","2019-04-25 09:31","【王正汹：我将继续在追逐“人造太阳”的路上，一往无前】他从科技部国际磁约束核聚变重大专项的参与者，到项目首席科学家，再到担任项目责任专家，科研求索之路从未停歇。他玩命苦干，助力“中国人造太阳”领跑世界。王正汹，第21届#中国青年五四奖章#获得者，他把青春献给了祖国。学习！#百年五四#  [组图共9张] 原图 ",931,211,132,"无"
"15","无","2019-04-25 09:00","【让你更受欢迎的35个沟通技巧】①有欣赏竞争对手的雅量，不认同也要学会尊重；②避免打着对你好的名义，说伤害对方的话；③提出批评外，最好提供正面的改进建议；④不要总是否定别人，比如“不对吧，应该是……”“不是这样”；别人自嘲的时候不要附和。戳图了解↓↓@央视新闻  [组图共9张] 原图 ",836,597,152,"vivo X27 4800万三摄"
"16","无","2019-04-25 08:03","【青运史上的今天，毛泽东为“西北青年救国联合会一周年纪念特刊”题词】1938年4月，毛泽东为《新中华报》举办的“西北青年救国联合会一周年纪念特刊”题词：“青年是抗日战争的生力军，目前青年团体的任务是团结全国一切阶层的青年男女，大批的走上抗日战争的战场去，充实正规军的战斗力，发展广泛的游击战争。在后方的青年人，也是一切为着战争的胜利而工作。中国的解放主要依靠青年人。”#百年五四#                  原图                             ",926,365,152,"无"
"17","无","2019-04-25 05:53","【赞！武磊凌空斩收获个人西甲第二球】西甲第34轮，西班牙人在主场1-1战平塞尔塔。第33分钟，@武磊7 机警前插凌空扫射破门，帮助球队取得领先。漂亮的进球啊  [组图共2张] 原图 ",3414,587,623,"vivo X27 4800万三摄"
"18","无","2019-04-24 22:15","转发理由:溜溜球、竹蜻蜓……还记得小时候的模样吗？戳[下]参与#青春随手拍#故事挑战，展现你青春的模样//@重庆共青团:暴露年龄系列，你都玩过吗？  
原始用户: 锦钧-
转发内容: #青春随手拍# 童年记忆里的玩具，你玩过几个？真的怀念我美好的童年呀@微博故事   微博视频 #青春随手拍#  ",1031,365,239,"无"
"19","无","2019-04-24 22:09","转发理由:恭喜@恰一杯猪事顺利茶 等20名用户获得【团团定制笔记本】, @西南医科大学17级临床19班官微 等20名用户获得【团团定制签名笔】。公示链接： 微博抽奖平台 @微博抽奖平台 今晚的抽奖结束了，没中奖的小伙伴可以继续转发原博，明儿个继续抽奖哟~  
原始用户: 共青团中央
转发内容: 【青春随手拍，展现不一样的青春风采】你认为青春应具备什么样的气质？你可以拍下“不一样的青春”对比照片，也可以参与故事挑战展现“青春的模样”，还可以通过“这就是青春”主题vlog记录自己的青春足迹。带话题#青春随手拍#即可参与活动，戳[下]快分享给小伙伴们吧！带话题转发，海量福利等你来拿～  原图 ",329,34,49,"微博抽奖平台"
"20","无","2019-04-24 21:44","转发理由:恭喜@楼兰遗梦的大红围脖 等40名用户获得【图书1本（随机）】。仍然没被抽中的小伙伴不要灰心，稍后还有一组奖品等你来拿 公示链接：微博抽奖平台 @微博抽奖平台  
原始用户: 共青团中央
转发内容: 【读书，为了遇见更好的自己】腹有诗书气自华。书籍，是文化的重要载体；读书，是承继文化的重要方式。今天是世界读书日（4月23日），给你推荐一份书单。转发随机抽40本，趁着春光大好，小伙伴们读起来↓↓ #青年悦读# @微博抽奖平台  [组图共9张] 原图 ",340,68,70,"微博抽奖平台"
"21","无","2019-04-24 21:28","转发理由:恭喜@就这样继续元气满满的爱着你 等40名用户获得【图书1本（随机）】。没获得图书的小伙伴不要气馁，马上还会再抽出一组图书哟~ 公示链接： 微博抽奖平台 @微博抽奖平台  
原始用户: 共青团中央
转发内容: 【你在读书上花的任何时间，都会在某个时刻给你回报】“读书可以让人保持思想活力，让人得到智慧启发，让人滋养浩然之气。”在这个春天，选择一本适合自己的书，不必追求速度，细细去品味。4月23日是世界读书日，给你推荐一份书单。转发随机抽40本，小伙伴们读起来↓↓ #青年悦读# @微博抽奖平台  [组图共9张] 原图 ",279,62,67,"微博抽奖平台"
"22","无","2019-04-24 20:44","#百年五四#【梦在前，无所惧！五四精神，传承有我】青春的底色是爱国，青春的支点是奋斗。新时代，我们都在努力奔跑，我们都是追梦人。让我们用奋斗，为青春点亮一束光。用#青春随手拍#，展现不一样的青春风采！@津彩青春 @共青团广安市委  [组图共9张] 原图 ",1095,253,139,"无"
"23","无","2019-04-24 19:32","【可上九天揽月！这有一个参与太空项目的机会等着你哟～】2022年前后，我国载人空间站将完成建造，支持开展大规模多学科的空间科学研究、技术验证和空间应用。本次特向国内公开征集空间站在轨科学实验和技术试验项目。详戳↓↓@载人航天小喇叭  公告 | 中国空间站科学实验和技术试验项目征集公告  ",614,124,86,"vivo X27 4800万三摄"
"24","无","2019-04-24 18:36","【一定要点开↓↓他们竟把赵云、孙悟空、哪吒打印出来了】英俊潇洒的赵云、怒目圆睁的张飞、萌萌吐舌的瑞兽，这些栩栩如生的雕塑，都是用画笔、电脑和打印机完成的。他们说，希望这些作品能带动更多人去了解中国的传统文化。网友：3秒我要看到购买地址！#中国好青年# 共青团中央的微博视频  ",965,670,197,"vivo X27 4800万三摄"
"25","无","2019-04-24 17:31","【梦在前，无所惧！五四精神，等你传递  】心怀梦想，才能披荆斩棘；一往无前，定能逐梦青春。#五四精神传承有我#  和我们一起做新时代青年。无论你是个人还是团体，无论是海报还是视频，我们都在这里等着你哦。（xmtgzc@163.com）@青春临沂 @天津医科大学团委 @重庆共青团 @福建农林大学团委              [组图共9张]      原图                             ",544,192,96,"微博 weibo.com"
"26","无","2019-04-24 16:29","【震撼！百色版快闪《我和我的祖国》上线啦】百色起义影响着一代又一代百色人民，百色起义精神一直根植于各族人民心中。百折不挠、实事求是、依靠群众、团结奋斗，百色革命老区唱响《我和我的祖国 》！转发，祝福祖国！ 共青团中央的微博视频  ",961,393,191,"微博云剪"
"27","无","2019-04-24 15:24","【梦在前，无所惧！五四精神，等你传递  】青年兴则国家兴，青年强则国家强。#五四精神传承有我#喀什青年说，我们要坚定理想信念，做敢于有梦、勇于追梦、勤于圆梦的新时代青年。@青春喀什共青团中央的微博视频  ",836,284,135,"微博 weibo.com"
"28","无","2019-04-24 14:37","【华服诗韵快来pick！国风版“我和我的祖国”】春风拂柳绿，经典咏流传。航空工业金城的青年们，身着古装，拾级而下，漫步在江苏南京金城511广场时光步道。古筝悠悠，衣袂飘飘，国风少年同唱《我和我的祖国》，为新中国成立70周年送上最清新的祝福！#百年五四##青春随手拍#江苏共青团的微博视频  ",1065,268,172,"vivo X27 4800万三摄"
"29","无","2019-04-24 13:29","【梦在前，无所惧！五四精神，传承有我！】青春，浓缩了酸甜和苦辣，记录了我们的成长。新时代，我们都在努力奔跑；新时代，我们都是追梦人!让我们用奋斗，为青春点亮一束光；用#青春随手拍#，展现不一样的青春风采！@东软青年  [组图共9张] 原图 ",1866,368,194,"无"
"30","无","2019-04-24 12:56","【詹天佑：镜以淬而日明，钢以炼而益坚】他是“中国铁路之父”，主持修建了首条真正由中国人建造的铁路——京张铁路，铺就了一条中国人夺回路权的光荣之路。他说：“各出所学，各尽所能，使国家富强不受外侮，以自立于地球之上。”一百年前的今天，詹天佑逝世，缅怀！#百年五四#（图/@山东共青团）  [组图共9张] 原图 ",1157,265,113,"微博 weibo.com"
"31","无","2019-04-24 12:07","【梦在前，无所惧！五四精神，等你传递  】天山脚下、塔里木河畔、塔克拉玛干沙漠，祖国西北边疆的每一个角落，你们有警必出、闻警必动，你们逆火前行、救民水火。有了你们，我们很安心 #五四精神传承有我# @阿克苏消防共青团中央的微博视频  ",846,266,109,"iPhone客户端"
"32","无","2019-04-24 11:20","【祝贺！多哈亚锦赛中国队夺女子4x100米接力冠军】北京时间今天凌晨，2019年亚洲田径锦标赛，在女子4x100米接力决赛中，由梁小静、韦永丽、孔令微、葛曼棋组成的中国队发挥出色，跑出42秒87夺得冠军！也创造了这个项目的今年世界最好成绩！回放：田径亚锦赛女子4x100米接力决赛 中国队42.87秒夺冠  ",2139,311,258,"vivo X27 4800万三摄"
"33","无","2019-04-24 10:40","【中国航天日，听小姐姐讲述航天那些事儿】从东方红升空到嫦娥伴月、从神舟起航到天舟穿梭、从陆地到太空、从无人到载人，是创新、是科技、是复兴梦。今天，中国航天日，向引领中国航天伟大腾飞的航天人致敬~@江苏共青团 @南京师范大学团委 共青团中央的微博视频  ",649,199,118,"vivo X27 4800万三摄"
"34","无","2019-04-24 09:50","【梦在前，无所惧！五四精神，等你传递  】青春最富有朝气、最富有梦想，把青春奋斗融入时代主题，五四百年，青春之光定能在历史发展的过程中精彩绽放。无论你是个人还是团体，欢迎将你设计的#五四精神传承有我#主题海报发送到→xmtgzc@163.com，我们会一直在这里等着你哦@亳州一中 @杭州共青团 @青春奈曼 @青年湖南 @青春临沭 @青春蓉江新区 @共青团赣州市委 @青春临沂             [组图共9张]      原图                             ",729,248,125,"微博 weibo.com"
"35","无","2019-04-24 09:00","【航班延误，一群中学生的机场快闪安抚焦急等待的人们】19日晚，由于受雷雨天气影响，一趟无锡飞往广州航班将延误三个小时。一群少年即兴快闪，在机场演唱了一曲《传奇》。他们是代表广东在苏州刚刚参加完第六届全国艺术展演的华南师大附中纯男声合唱团代表。 @广州日报 广州日报的秒拍视频  ",2878,438,325,"vivo X27 4800万三摄"
"36","无","2019-04-24 08:00","【青运史上的今天，“中国青年五四奖章”首次颁发】1997年4月24日，共青团中央、全国青联决定授予秦文贵、李斌、刘笑、公举东、宋芳蓉五人“中国青年五四奖章”。“中国青年五四奖章”是共青团中央、全国青联授予中国优秀青年的最高荣誉，旨在树立政治进步、品德高尚、贡献突出的优秀青年典型，集中反映当代青年的精神品格和价值追求。#百年五四##中国青年五四奖章#                  原图                             ",1092,413,150,"无"
"37","无","2019-04-24 06:38","#早安# 别等了，人生就像电影，不会总有彩蛋。以积极的态度面对各种挑战，惊喜会在不经意间到来，加油～  原图 ",2500,407,553,"vivo X27 4800万三摄"
"38","无","2019-04-23 21:08","【世界读书日，让阅读成为习惯】最是书香能致远，唯有读书方宁静。读书就像与智者对话，可以从中获得知识，汲取经验，并不断丰富和完善自己。今天是“世界读书日”，这一天，忙碌、疲惫的你是否愿意拾起一本书，为自己打开一个世界？放下手机，翻几页书，晚安@成都共青团  [组图共9张] 原图 ",1022,539,205,"iPhone客户端"
"39","无","2019-04-23 20:12","【不一样的青春宣言，致自己】青春，浓缩了酸甜和苦辣，记录了我们的成长。这，是我们的青春。新时代，新征程，唯有不忘初心，方能再创荣光！参与#青春随手拍#秀出你不一样的精彩青春！  [组图共9张] 原图 ",904,206,185,"无"
"40","无","2019-04-23 19:36","【铭记历史，开创未来！90秒穿越中国海军七十年】70年，他们劈波斩浪，纵横海疆；70年，他们逐梦深蓝，向海图强；他们，就是中国海军。@中国日报 共青团中央的微博视频  ",1638,680,235,"iPhone客户端"
"41","无","2019-04-23 18:51","【青课 | 曹卫东：航母还会带来新惊喜】我们现在的航空母舰还是滑跃起飞，未来可能还会发展更大的航空母舰，采用弹射或电磁弹射这样的先进技术，远海作战能力就会进一步加强。听著名军事评论家曹卫东讲述航母那些事儿↓↓ 共青团中央的秒拍视频  ",811,143,116,"微博 weibo.com"
"42","无","2019-04-23 17:47","【成功靠天赋还是靠勤奋？他用行动证明一切】他出身贫寒，学历不高，凭着踏实好学，走进全国顶尖的科研院所中航工业导弹院，成为院内数一数二的技术能手，后投身世界技能大赛，带领队伍在国际赛场折冠而回。邵志永，第二十届#中国青年五四奖章#获得者，他用青春诠释“最美青工”。致敬！#百年五四#  [组图共9张] 原图 ",992,173,126,"无"
"43","无","2019-04-23 17:02","【现场视频 | 中方舰艇、战机接受检阅】海上阅兵活动现场视频 大国海军，向海图强！转发收藏↓↓#人民海军成立70年# @人民日报 人民日报的微博视频  ",1051,307,193,"vivo X27 4800万三摄"
"44","无","2019-04-23 16:32","【腹有诗书气自华，这个四月我们一起读书】今天，是第24个世界读书日，你有多久没有好好读过一本书了？在阅读上花的每一秒，都会成就将来更好的你，八句有关读书的名言送给你，这个四月，我们一起静下心来，静静品尝字里行间的意味……@津彩青春  [组图共9张] 原图 ",923,396,106,"微博 weibo.com"
"45","无","2019-04-23 16:02","【催泪！荔城青年用青春“快闪”告白祖国】袅袅炊烟，小小村落，路上一道辙，我最亲爱的祖国，我永远紧依着你的心窝……熟悉的音符在古谯楼前回响 ，每一句歌词都直击心底。群众们的情绪也被点燃，跟着乐声动情歌唱。转发，祝福祖国！#五四精神传承有我# @荔城团区委 荔城团区委的微博视频  ",1370,418,208,"vivo X27 4800万三摄"
"46","无","2019-04-23 15:25","是时候秀出你的身份了， 转发获取共产主义接班人专属图标#青春随手拍#  原图 ",21608,209035,24941,"无"
"47","无","2019-04-23 15:17","【习近平检阅中国人民解放军海军仪仗队】23日下午，中共中央总书记、国家主席、中央军委主席习近平出席庆祝人民海军成立70周年海上阅兵活动。12时40分许，习近平来到青岛奥帆中心码头，检阅了中国人民解放军海军仪仗队，随后登上“西宁”号检阅舰。共青团中央的秒拍视频  ",1274,282,149,"微博 weibo.com"
"48","无","2019-04-23 15:06","转发理由:新中国遭受到核威胁、核讹诈后，毛主席曾豪迈地讲，中国人自己搞核潜艇一万年也要搞出来！  
原始用户: 国资小新
转发内容: #人民海军成立70周年#【“核潜艇，一万年也要搞出来！”向为海军铸剑的他们致敬】作为最先进的海军装备之一，世界第一艘核潜艇诞生于1954年。曾经，我们被人质疑“中国要研制核潜艇简直是异想天开”。但中国的核工业人克服当时一穷二白的困难，甚至总设计师亲自下水做深潜试验第一人。最终，1974年8月1日，我国第一艘核潜艇加入海军战斗序列！ 向所有隐姓埋名的他们致敬！未来，期待#人造太阳#等尖端技术率先在中国实现！#科幻作家走进新国企# @人民海军  @环球网 @果壳 @未来事务管理局 @科普中国 @四川发布 @中国地震台网速报 @头条新闻 @新京报 @科学松鼠会  @中国核工业集团有限公司 国资小新的微博视频                     ",1299,259,137,"微博 weibo.com"
"49","无","2019-04-23 14:08","燃！一镜到底纵览海军70年装备库 #人民海军成立70年# 人民日报的秒拍视频  ",1425,469,282,"无"
"50","无","2019-04-23 14:07","【梦在前，无所惧！五四精神，等你传递】五四百年，一代又一代的有志青年为了民族振兴、国家富强、人民幸福矢志奋斗。激扬青春梦，@南京师范大学团委 的小伙伴们说#五四精神传承有我# 共青团中央的微博视频  ",599,168,73,"iPhone客户端"
"51","无","2019-04-23 13:03","参与话题#青春随手拍#，获得共产主义接班人专属buff，你值得拥有ps：团宝在微博故事等你来合拍哟  [组图共3张] 原图 ",726,143,147,"无"
"52","无","2019-04-23 12:00","【读书，为了遇见更好的自己】腹有诗书气自华。书籍，是文化的重要载体；读书，是承继文化的重要方式。今天是世界读书日（4月23日），给你推荐一份书单。转发随机抽40本，趁着春光大好，小伙伴们读起来↓↓ #青年悦读# @微博抽奖平台  [组图共9张] 原图 ",1150,2449,800,"vivo X27 4800万三摄"
"53","无","2019-04-23 11:18","【青春之花，火红绽放】入团誓言、好青年寄语、通信机动演练……在军旗升起的地方，火箭军“砺剑青春”主题团日活动精彩纷呈。戳[下]欢迎参与#青春随手拍#vlog活动，记录你的青春足迹！@中国火箭军 中国火箭军的微博视频  ",771,149,73,"无"
"54","无","2019-04-23 10:54","【密码一定要改！女子医保卡丢失被盗刷5000多元】近日，江苏淮安穆女士将医保卡丢失，补办时才发现，卡被盗刷5000多元。嫌疑人交代，自己捡到卡后，抱着试刷的心态去买药，发现初始密码没改，就买了大量药品及营养品。周某已被刑拘。民警提醒：医保卡初始密码一定要改。荔直播的秒拍视频  ",409,106,156,"vivo X27 4800万三摄"
"55","无","2019-04-23 09:45","一图尽览中国海军“兵器谱” #人民海军成立70年# @人民日报  原图 ",2160,676,300,"vivo X27 4800万三摄"
"56","无","2019-04-23 09:00","【青运史上的今天，“祁建华速成识字法”发明人祁建华获奖】在扫盲工作中，解放军西南军区某部青年文化教员祁建华经过反复实验，发明了“祁建华速成识字法”。1952年4月23日，中央人民政府政务院文化教育委员会为祁建华颁发了奖状。到1952年底，全国利用“祁建华速成识字法”进行学习的达五六千万人。祁建华被解放军西南军区记特等功一次。#百年五四#                  原图                             ",845,213,119,"无"
"57","无","2019-04-23 08:00","【今天，人民海军70周岁】1949年4月23日，解放军的第一支海军——东海舰队的前身“华东军区海军”在江苏省泰州白马庙成立，张爱萍将军任首任司令员兼政治委员。70年来，中国海军突破重重险阻，血火涅槃，剑指七海。为祖国守卫着那浩瀚的海洋，日夜保卫着国家领土的完整。人民海军，生日快乐！@荟萃石工  [组图共9张] 原图 ",3236,3748,691,"无"
"58","无","2019-04-23 00:00","@人民海军，生日快乐！  原图 ",12688,4197,2443,"vivo X27 4800万三摄"
"59","无","2019-04-22 22:23","转发理由:睡前重温，那些精彩的瞬间 #国风新时代#  
原始用户: 古风音乐会
转发内容: #国风新时代# #少年中国国风音乐节# 十年前的我们，不会想象到国风音乐会拥有这么多的回忆，也不会想象到能与这么多人并肩前行。如果说有什么成就，那就是与你们相遇。如果说有什么骄傲的，那就是听到你们呼唤我们的姓名。水阔山长，踏歌以航。矢志不忘，成梦留光。@共青团中央 古风音乐会的微博视频  ",864,217,132,"无"
"60","无","2019-04-22 21:06","大学校园，什么品质吸引另一半？戳[下]懂我意思吧 共青团中央的微博视频  ",821,281,250,"无"
"61","无","2019-04-22 19:51","转发理由:腹有诗书气自华，愿你多读书，读好书 //@浙江团省委:#423共青团送书# 快来查收三位无限阅读者的独家私藏书单，体验不一样的阅读方式，和三位无限阅读者一起开启新时代，新悦读！  
原始用户: 腾讯微信读书
转发内容: #423共青团送书# 由共青团中央社会联络部 @共青团中央 主办的“新时代·新悦读”2019世界读书日系列活动的启动仪式将联合共青团浙江省委@浙江团省委 在杭州共同主办。主办方携手微信读书App邀请张艺兴 @努力努力再努力x 、佟丽娅 @佟丽娅  、唐家三少 @唐家三少   作为本次活动的特别领读人—无限阅读者，鼓励全民阅读。快来查收三位无限阅读者的独家私藏书单，体验不一样的阅读方式，和三位无限阅读者一起开启新时代，新悦读！         [组图共3张]      原图                     ",1337,47047,305,"vivo X27 4800万三摄"
"62","无","2019-04-22 18:49","【不一样的职业，绽放相同的青春风采】选择不同的工作，对应着不同的人生。医生、教师、军人、工人……虽然职业不同，但我们都在岗位上努力奋斗，绽放着属于自己的光芒。欢迎参与#青春随手拍#活动，展现不一样的青春岁月！  图片来源：@青春湖北 @南昌铁路  [组图共9张] 原图 ",2363,335,333,"无"
"63","无","2019-04-22 18:08","【梦在前，无所惧！五四精神，等你传递】正是你们的守护，才有了我们的安宁和幸福#五四精神传承有我# @淮南公安在线 警民携手同行的秒拍视频  ",960,385,136,"360安全浏览器"
"64","无","2019-04-22 17:03","【拍电影吗，少年？】我和共和国共成长——2019年中国青少年微电影、短视频作品征集展示活动开始啦~大平台、多视角等待小伙伴们的创意脑洞与精彩瞬间，还有创作基金、专业培训、项目扶持等你来拿！戳↓↓了解  原图 ",563,208,71,"vivo X27 4800万三摄"
"65","无","2019-04-22 16:42","【梦在前，无所惧！五四精神，等你传递】中国青年，是中国精神和中国力量的缩影，五四精神的火种，会一直燃烧在一代又一代青年的心中。#五四精神传承有我# @浙江团省委 共青团中央的秒拍视频  ",621,162,98,"360安全浏览器"
"66","无","2019-04-22 16:04","【保护地球，我们至少可以做到这些】①低碳出行，多乘坐公共交通工具；②节约用水，争取一水多用；③节约用电，随手关灯；④节约资源，减少一次性用品的使用；⑤保护濒危动物，参与义务植树。今天是世界地球日（4月22日），一起守护#天天天蓝#，守护我们共同的家园， 转起！共青团中央的微博视频  ",698,387,148,"vivo X27 4800万三摄"
"67","无","2019-04-22 15:13","【你在读书上花的任何时间，都会在某个时刻给你回报】“读书可以让人保持思想活力，让人得到智慧启发，让人滋养浩然之气。”在这个春天，选择一本适合自己的书，不必追求速度，细细去品味。4月23日是世界读书日，给你推荐一份书单。转发随机抽40本，小伙伴们读起来↓↓ #青年悦读# @微博抽奖平台  [组图共9张] 原图 ",1148,2650,803,"微博 weibo.com"
"68","无","2019-04-22 14:37","【梦在前，无所惧！五四精神，等你传递  】青春既是血雨腥风里坚守的铁骨，也是攻坚克难时创新的先锋。不管时光如何变幻，不管岁月如何洗涤，五四精神都世代传承。无论你是个人还是团体，欢迎将你设计的#五四精神传承有我#主题海报发送到→xmtgzc@163.com@宝狮龙厨电@共青团赣州市委 @广西民族大学团委@青春临沂@山东共青团 @国网新疆电力@西南交通大学@沂水共青团@青春蓉江新区             [组图共9张]      原图                             ",522,214,97,"微博 weibo.com"
"69","无","2019-04-22 12:29","初入社会的小迷惘，不忘初心的坚持。这就是青春，是我们的模样，参与#青春随手拍#故事挑战，拍出你的青春范儿～ 微博视频 #青春随手拍#  ",3375,557,351,"微博视频"
"70","无","2019-04-22 11:20","【青春随手拍，展现不一样的青春风采】你认为青春应具备什么样的气质？你可以拍下“不一样的青春”对比照片，也可以参与故事挑战展现“青春的模样”，还可以通过“这就是青春”主题vlog记录自己的青春足迹。带话题#青春随手拍#即可参与活动，戳[下]快分享给小伙伴们吧！带话题转发，海量福利等你来拿～  原图 ",1442,1589,571,"无"
"71","无","2019-04-22 10:32","【画面引起极度舒适！武警国宾护卫队超燃表白】在#挑战不可能#，武警国宾护卫队驾驶70辆摩托车，行云流水、整齐划一，依次摆出“1949-2019”、“70”和“中国”的字样，用他们独特的方式预祝新中国70华诞。网友：看到最后热泪盈眶！央视新闻的秒拍视频  ",2243,651,306,"微博 weibo.com"
"72","无","2019-04-22 09:45","【一声“到”！一生到！】他们已经习惯答“到”。一声“到”干脆利落，气贯苍穹；一声“到”热血澎湃，情深意重。用生命扛起使命，用忠诚筑起长城，中国人民解放军，一群习惯答“到”的人，当祖国和人民召唤一声“到”！一生到！致敬#军改我见证# 央视网的秒拍视频  ",2340,850,303,"vivo X27 4800万三摄"
"73","无","2019-04-22 08:50","【#人民海军成立70年#海上阅兵，这些看点不容错过】4月23日，我国将在青岛及其附近海空域举行各国海军舰艇海上阅兵，中国将有多艘舰艇首次亮相！霸气的海上分列式、32艘受阅舰艇、39架受阅战机……还有俄罗斯、泰国等10余国近20艘舰艇参加检阅。精彩看点提前get，转发了解↓↓@人民日报  [组图共9张] 原图 ",2048,971,380,"vivo X27 4800万三摄"
"74","无","2019-04-22 08:00","【青运史上的今天，梁启超为争取中国权益做最后的努力】1919年4月，国内致信请梁启超担任国民外交协会驻巴黎的代表，主持巴黎和会请愿的各项事务。当时梁启超正在欧洲游历于是应允。巴黎和会决定将山东转让给日本，而中国首席代表陆徵祥竟考虑签字。梁启超致电回国，希望政府和国民向和谈代表施加压力，不要在和约上签字。#百年五四#                  原图                             ",1604,457,221,"无"
"75","无","2019-04-21 22:11","今晚来聊聊  有没有哪一刻，来自陌生人给你的帮助或惊喜，让你感到这个世界浓浓的爱意？  原图 ",1532,202,1015,"帅团的Android"
"76","无","2019-04-21 21:33","【海上阅兵倒计时！多国军舰陆续抵达青岛 一睹为快！】4月23日是#人民海军成立70周年#纪念日。今天，前来参加海上阅兵活动的11国16艘舰艇陆续抵达青岛港↓↓此次海上阅兵将于23日在青岛及其附近海空域举行，除中方参阅兵力外，俄罗斯、泰国、越南、印度等10多个国家近20艘舰艇将参加检阅活动。期待！央视新闻的秒拍视频                                 ",1495,356,244,"帅团的Android"
"77","无","2019-04-21 20:13","【请将这个电话，转给所有中国人！】据有关媒体报道，#斯里兰卡爆炸#死亡人数已上升至207人，已确认有2名中国人遇难。@领事之声 发布通告：请在斯中国公民注意安全，如需紧急求助或报告失联情况，请拨打使馆领事保护与协助电话：+94-11-2676033，或拨打外交部全球领事保护与服务应急热线+86-10-12308。转扩！                  原图                             ",2275,2660,358,"帅团的Android"
"78","无","2019-04-21 19:13","【这份毕业礼物太暖心！大学教授刻224枚印章送给学生】近日，@西华师范大学 历史文化学院副教授高然，亲手雕刻224枚印章，作为毕业礼物送给班里学生。每枚印章上都刻有学生的名字，完成一枚至少需一小时。高老师说：“还得抓紧时间刻，争取在学生们6月离校的时候，都能拿到。”封面新闻视频的秒拍视频                                  ",2098,381,183,"帅团的Android"
"79","无","2019-04-21 18:01","【梦在前，无所惧！五四精神，等你传递】忆往昔，青年学子挥洒热血。看今朝，龙子湖畔誓无二志。新青年，要青春！#五四精神传承有我#@蚌埠学院团委共青团中央的微博视频  ",1112,242,130,"帅团的Android"
"80","无","2019-04-21 17:04","【分享一段延时视频！看春雨里的梨花“雪海”】山西隰县，全国最大的玉露香梨生产基地，80%农民从事果业生产。当梨花“雪海”遇到春雨，每片花瓣竟会“说话”！38万亩梨花遍布千沟万壑，梯田式花海又会拼出一个怎样的黄土高坡？戳视频↓一起看~（央视新闻）央视新闻的秒拍视频  ",1218,373,195,"帅团的Android"
"81","无","2019-04-21 16:02","【超酷！杭州一高校弹幕投射教学楼情话 共同表白祖国】4月19日傍晚，@杭州电子科技大学 在学校大草坪上播放起了露天电影《建国大业》，许多路过的同学们驻足观看。影片播放过半，学校教学楼上投射出大量弹幕……咋回事？戳↓看现场！浙视频的秒拍视频  ",1336,204,144,"帅团的Android"
"82","无","2019-04-21 15:18","【又一位南京大屠杀幸存者老人去世转发送别！】据@侵华日军南京大屠杀遇难同胞纪念馆 ：今天6:30，南京大屠杀幸存者王福义老人去世，终年92岁。截至目前，登记在册在世的南京大屠杀幸存者只剩84人。见证者正在凋零，但历史不会逝去！送别老人，铭记历史！   [组图共2张] 原图 ",3317,768,417,"帅团的Android"
"83","无","2019-04-21 14:44","【肌肉型学霸来袭！清华大学举办健美比赛】20日，@清华大学 举办一年一度的马约翰杯健美比赛。参赛选手均是清华在校学生，不少国际学生也纷纷报名。经过激烈比拼，最终，法学院的马蒂亚同学获得健体冠军，汽车系的周振天同学获得健美冠军。网友：马上出门锻炼…清华大学的微博视频  ",1822,435,658,"帅团的Android"
"84","无","2019-04-21 13:43","【梦在前，无所惧！五四精神，等你传递  】时代在变，以爱国、进步、民主、科学为代表的五四精神却从未远去。以梦为马，不负青春韶华，和我们一起传承五四精神吧[加油]海报投稿进行时！无论你是个人还是团体，欢迎将你设计的#五四精神传承有我#主题海报发送到→xmtgzc@163.com本期精选投稿↓@中国航空工业集团有限公司 @内蒙古团委  @山东共青团 @团嘉祥县委@中国建筑 @中国中铁共青团 @重庆共青团             [组图共9张]      原图                             ",3383,1054,341,"帅团的Android"
"85","无","2019-04-21 12:51","@中国核工业集团有限公司：神秘低调了太久，你们该不会以为我还在搞原子弹吧那个……你听说过#人造太阳#吗？戳↓国资小新的微博视频  ",1655,377,304,"帅团的Android"
"86","无","2019-04-21 11:52","【田梅：祖国才是游子心灵的故乡】专注于做人做事做学问的她，对自己的成绩从不肯多说一句，但有一句话她说了不止一次：“我当初出国就是想着回国报效，我更在乎的是我带给祖国多少成果。” 田梅，第十六届#中国青年五四奖章#获得者，她把青春献给了人类的健康事业，致敬！#百年五四#  [组图共9张] 原图 ",1302,202,98,"无"
"87","无","2019-04-21 11:20","【叮！您收到一条来自中国军人的语音消息】此刻，他们有的在抚远东极哨所，迎着初升的太阳升起每天第一面国旗；有的在湛江的海军陆战队进行着血与火的锤炼；有的在连云港开山岛守护着祖国的每一寸领土……改革强军，他们是中华民族伟大复兴的坚强守护者！戳↓↓他们有话想对你说人民日报全国党媒平台的秒拍视频                                 ",1714,1034,241,"帅团的Android"
"88","无","2019-04-21 10:33","【转发送别捐出毕生积蓄的百岁老教师走了，留遗嘱捐房产继续助学】14日，101岁的江苏常州退休教师周映芳离世。老人一生节俭，一年多前，她将自己的毕生积蓄30万元全部捐出，用来帮助贫困学生。如今老人走了，她还在遗嘱中要求将其生前住房变卖出售，把房款和丧葬费全部并入助学基金捐出毕生积蓄的常州百岁老教师走了，留遗嘱捐房产继续助学             [组图共3张]      原图                             ",3223,463,330,"帅团的Android"
"89","无","2019-04-21 09:20","【见证千年大计，改革开放再出发】#五四精神传承有我# 理想指引人生方向，信念决定事业成败。今天我们比历史上任何时期都更接近实现中华民族伟大复兴的梦想，而距离目标越近，青年越要加倍努力。纪念五四运动一百周年，中建三局团委#青春心向党建功新时代#特别主题团日活动正在中国改革开放再出发的新地标雄安新区举行……戳直播↓↓快来围观吧！青春湖北的微博直播                                 ",744,285,104,"无"
"90","无","2019-04-21 08:42","早啊~昨天的@少年中国国风音乐节 暨“青年人最喜爱的国风音乐”颁奖典礼，你最喜欢的是哪位国风音乐人？  原图 ",1660,320,2996,"帅团的Android"
"91","无","2019-04-20 22:10","转发理由:有一种离别最奢侈，叫出塞；有一种思念最深沉，叫家国。4月26日昭君归来，为我们民族自信而出塞！#晚安#  
原始用户: 李玉刚
转发内容: 尽管此次【昭君出塞】和2015年版会有很大不同，但CCTV还是还原了曾经的恢弘的舞台场景。至次依然要感谢@TimYip-叶锦添 @方文山 @常石磊 等好友的辛勤付出。至于为什么要修改？有机会会慢慢道来。最重要的问题还是我个人的修为不深，尽管舞台艺术是一门遗憾的艺术，但我希望尽量无憾。 李玉刚的秒拍视频                     ",1619,411,264,"无"
"92","无","2019-04-20 21:10","“#国风新时代# 中国正少年”。@少年中国国风音乐节 暨“青年人最喜爱的国风音乐”颁奖典礼在@流浪的牛蛙君 演唱的《少年中国》歌声里落下帷幕，让我们，明年再见！全程回放→ @共青团中央 的一直播 少年中国国风音乐节的秒拍视频  ",1432,597,207,"无"
"93","无","2019-04-20 20:46","瑰丽的中华文明，源远深悠。一曲《华夏》，让@GAI周延 带你穿越历史长河，看华夏文明，万代千秋。一起燥起来吧！ 少年中国国风音乐节的秒拍视频  ",8254,6378,1667,"无"
"94","无","2019-04-20 20:24","天涯尽头看流光飞去，不问，何处是归期。今世情缘不负相思意，等待繁花能开满天际。@歌手董真 演唱歌曲《相思引》，陪你等待繁花能开满天际。#国风新时代# 少年中国国风音乐节的秒拍视频  ",1351,563,572,"无"
"95","无","2019-04-20 19:54","青石板的江南雨巷，烟花时节花开正香。快跟着@Smile_小千 漫步秦淮河的《乌衣巷》。#国风新时代# 少年中国国风音乐节的秒拍视频  ",1453,292,140,"无"
"96","无","2019-04-20 19:34","西北望长安，融融日照未央殿。你在御座独眠，窗外繁星朗月春意满院。一同欣赏@玉面小嫣然 弹奏《西北望长安》。#国风新时代# 少年中国国风音乐节的秒拍视频  ",1639,293,165,"无"
"97","无","2019-04-20 19:14","魑魅魍魉一剑破万法，尤记伊与君执手天涯，管他仇满天下，江山亦如画。且听@西瓜_JUN 一曲《长生诀》。#国风新时代# 少年中国国风音乐节的秒拍视频  ",3788,1447,849,"无"
"98","无","2019-04-20 19:00","还记得这首《红昭愿》吗？快来听@音阙诗听 、@LIAN王梓钰 如何手中雕刻生花，刀锋婉转蜿蜒成画。#国风新时代# 少年中国国风音乐节的秒拍视频  ",1610,242,348,"无"
"99","无","2019-04-20 18:35","洞庭春尽水如天，银盘托君山，巧雨润湿油纸伞，风卷莲动船。一起听@HITA  @小愛的妈  @Aki阿杰 共唱《湖光水色调》#国风新时代# 少年中国国风音乐节的秒拍视频  ",1429,288,191,"无"
"100","无","2019-04-20 18:09","有北风自鬓边凛凛长奔，远胜过故都的温存。一首《拜无忧》，@萧忆情Alex 陪你腾驹摘陌上的星辰。#国风新时代# 少年中国国风音乐节的秒拍视频  ",2081,698,577,"无"
"101","无","2019-04-20 17:43","溯洄五千年，任由我自诩万古第一狂。还记得当年那首《万神纪》吗？快跟@肥皂菌丨珉珉的猫咪丨 一起嗨起来！#国风新时代# 少年中国国风音乐节的微博视频  ",1895,370,238,"无"
"102","无","2019-04-20 17:31","多少相遇能有始有终？从此后分赴西东。由@银临Rachel 演唱歌曲《不老梦》，带你回到两千年前，回味那名为“不老”的往事。 #国风新时代# 少年中国国风音乐节的微博视频  ",3241,618,400,"无"
"103","无","2019-04-20 17:25","“转轴拨弦三两声，未成曲调先有情。别有幽愁暗恨生，此时无声胜有声。”你可曾想过听歌还能背古诗？赶快来听@奇然liya 、@沈谧仁mile 演唱的歌曲《琵琶行》吧！#国风新时代# 少年中国国风音乐节的微博视频  ",2830,738,509,"无"
"104","无","2019-04-20 16:49","浓似镂花的婚笺，忽而又淡如青烟。也许如果痴念，不沾染生离死别，不配当倾城之恋，且听@贰婶_CcccEs 为你讲述《石楠小札》#国风新时代# 少年中国国风音乐节的微博视频  ",2839,1697,649,"无"
"105","无","2019-04-20 16:46","美哉！我少年中国，与天不老！壮哉！我中国少年，与国无疆！一首《少年中国》送给各位社会主义接班人@嗨的HiDii #国风新时代# 少年中国国风音乐节的微博视频   ",1798,290,168,"无"
"106","无","2019-04-20 15:18","【正直播 | 首届“少年中国国风音乐节”来啦】“#国风新时代#，中国正少年”。此刻，@少年中国国风音乐节 暨“青年人最喜爱的国风音乐”颁奖典礼在南京·江苏大剧院举办。你喜欢的国风音乐人都来了！戳↓@共青团中央 的一直播  ",4954,1114,10302,"一直播"
"107","无","2019-04-20 15:13","【激励广大青年为民族复兴不懈奋斗！习近平这样谈五四运动和五四精神】今年是五四运动100周年。今天，我们如何纪念五四运动、发扬五四精神？习近平这样谈↓↓ #百年五四#  [组图共9张] 原图 ",871,573,138,"无"
"108","无","2019-04-20 13:58","【习近平：加强对五四运动和五四精神的研究 激励广大青年为民族复兴不懈奋斗】中共中央政治局4月19日下午就五四运动的历史意义和时代价值举行第十四次集体学习。中共中央总书记习近平在主持学习时强调，五四运动是我国近现代史上具有里程碑意义的重大事件，五四精神是五四运动创造的宝贵精神财富。今天，我们纪念五四运动、发扬五四精神，必须加强对五四运动和五四精神的研究，以引导广大青年在五四精神激励下，为决胜全面建成小康社会、夺取新时代中国特色社会主义伟大胜利、实现中华民族伟大复兴的中国梦不懈奋斗。#百年五四#                  原图                             ",863,386,138,"无"
"109","无","2019-04-20 13:22","【初来乍到，世界真奇妙】小小的眼睛里装着大大的好奇，你的小可爱已开启探索世界之旅iPanda熊猫频道的秒拍视频  ",2294,381,357,"无"
"110","无","2019-04-20 12:19","#五四精神传承有我#  青春既是追梦者，也是圆梦人。百年传承，今日到我。吾辈青年，志高路远。五四精神，薪火相传。#百年五四#@安徽科技学院团委共青团中央的微博视频  ",4487,977,390,"微博 weibo.com"
"111","无","2019-04-20 11:40","#五四精神传承有我# 五四精神传薪火，激扬奋斗献青春，传承五四精神，心系中华儿女情 #百年五四#无论你是个人还是团体，我们都期待你的投稿哦 → xmtgzc@163.com@新疆共青团 @中国航空工业集团有限公司 @南昌市第二中学@内蒙古团委 @青春十堰@雅安青年@山东共青团 @江苏共青团  [组图共9张] 原图 ",698,156,86,"微博 weibo.com"
"112","无","2019-04-20 10:50","【官宣！4月23日，海军生日，举行海上阅兵】今天上午10点，#人民海军成立70周年#多国海军活动新闻发布会举行，海军副司令员邱延鹏表示，4月23日在青岛及其附近海空域将举行各国海军舰艇海上阅兵，除中方参阅兵力外，俄罗斯、泰国、越南、印度等10多个国家近20艘舰艇将参加检阅活动。点赞，期待！  [组图共2张] 原图 ",2183,431,288,"无"
"113","无","2019-04-20 10:14","转发理由:扑火队伍已24小时待命检测火情，愿一切安好希望大家不随意传播不实信息。  
原始用户: 中国森林消防
转发内容: #内蒙古俄罗斯入境草原火灾# 【内蒙古呼伦贝尔地区俄罗斯草原火灾再次入境，蒙古国境内火灾正在向我国边境线蔓延，火灾区域内已投入1300余人进行扑救和阻截】具体行动情况通报如下：1.【陈巴尔虎旗胡列也吐地区火场再次发生俄罗斯入境火】19日23时30分，风向突变，风力加大（瞬间风力10级），俄方火线形成飞火越过额尔古纳界河和隔离带，任务分队紧急避险后在安全区域待命。目前有呼伦贝尔市森林消防支队90人在火场伺机扑救。2.【新左旗孟克西里火场】内蒙古森林消防总队紧急调动呼伦贝尔市森林消防支队和大兴安岭支队共计215人实施扑救。3.【满洲里中俄蒙0号界碑火场】目前境外蒙古国境内火线20-30公里，在西北风作用下，向我境内蔓延，距离中蒙边境线5-6公里，呼伦贝尔市森林消防支队靠前驻防分队20人投入火场。另有呼伦贝尔市森林消防支队扎兰屯大队、阿荣旗大队、莫旗大队、乌奴耳中队，共计210人，向海拉尔集结，做好增援准备。4.【严阵以待，集结待命】呼伦贝尔市森林消防支队额尔古纳大队45人，在陈巴尔虎旗黑山头八大关外站附近，发现有断续火先入境，已经前往扑救，确保火灾不进入村屯。截止目前，投入火场参与扑救阻截的森林消防指战员共计580人，配属地方支援力量775人。         [组图共3张]      原图                     ",1310,296,181,"无"
"114","无","2019-04-20 09:56","【没绷住！诈骗犯暴雨梨花式假哭装病，演不下去逗笑自己，民警：别笑，继续】3月29日，四川峨眉山，一男子涉嫌诈骗被抓，为逃避打击，他上演了一系列的装病戏，先是心脏病，再是间歇性高血压，各种假哭，演到最后实在演不下去，把自己都逗笑了。警察蜀黍补刀：不要笑，忍住，继续…微辣Video的秒拍视频  ",1443,258,333,"无"
"115","无","2019-04-20 09:01","【青运史上的今天，《黄河大合唱》在延安完成首演】1939年春，诗人光未然应作曲家冼星海之约，在延安完成《黄河大合唱》的歌词，冼星海于3月31日完成了大合唱全部音乐的创作。1939年4月，由青年指挥家邬析零指挥，在延安陕北公学礼堂由抗敌演剧队第三队完成首演。#百年五四#  原图 ",1274,193,102,"无"
"116","无","2019-04-20 08:00","【今日，谷雨】谷雨时节，大地郁郁葱葱，百花争艳。①谷雨三物候：萍始生，呜鸠拂其羽，戴胜降于桑；②春夏交际容易引发疾病，需要多加防范；③此时节，北方地区柳絮纷飞，南方地区时常暴雨，出门记得带上口罩和雨伞。春天即将过去，夏天就要来临，你计划减肥了吗？大话熹游的秒拍视频  ",1257,730,306,"无"
"117","无","2019-04-20 00:18","【决定了！这个周末要去漫步绿道 亲近大自然】听成都的小伙伴说，他们用18个月建成了2600多公里的“天府绿道”。这些绿道串起了几十个文化园、博物馆小镇，休闲健身还能长知识，原来生活真的可以很巴适（via:@地球知识局 图1图2自四川省建筑设计研究院设计五院 图3图4自@蒋大豆子）  [组图共9张] 原图 ",1173,179,183,"无"
"118","无","2019-04-19 22:02","风流当歌（女版）「 千帆过尽 俱万古江河     但留取 匣中诗文几册     便是今朝拿云 或他日摧折 又如何     风流当歌  」共青团中央的秒拍视频《风流当歌》选取十位著名诗人，用歌曲的形式演绎诗家的那份风流。陶渊明，白居易，孟浩然，苏东坡，杜牧，贺知章，杜甫，王昌龄，王维，李白，他们或恬静淡泊，或逍遥洒脱，或心系天下，或乐天豁达...百岁如流，千帆过尽，天地逆旅，风流当歌。策划:上河Lin@上河Lin /南岐@南岐_ 作曲:黄诗扶@黄诗扶 编曲:李大白k@李大白k 演唱/作词:【陶渊明】小时@小时Max /苏药卿@苏药卿 【白居易】绯村柯北@绯村柯北 /如一@__如一 【孟浩然】玉采田@玉采田_ /卫了酒@季知拙 【苏东坡】云之泣@云呆的哭 /上河Lin@上河Lin 【杜牧】HITA@HITA /湾湾@一碗一龙拉面 【贺知章】倪莫问@没关系都是神经病啊 /偏生梓归@偏生梓归_ 【杜甫】圈九@WineQ圈9 /如一@__如一 【王昌龄】上河Lin@上河Lin /流砂昭昭@流砂拂乱之 【王维】不馋@不馋馋不馋w /蒜牙@罪人牙 【李白】祖娅纳惜@祖娅纳惜 /良时这个，@-良时-  和声:HITA@HITA 二胡:辰小弦@辰小弦 后期:巫汐@_巫汐_ 母带:子棋@BiuBiu子棋 画师:叶巇@正版叶巇 海报题字:聆泽@聆泽_Lains pv题字:以语为镜@以语为镜 pv:安乐府晴明@安乐府晴明 海报:长锋@我有长锋 出品:回川组@回川组 B站:http://t.cn/EXkCvjP网易云: http://t.cn/EXkCvle 5sing:风流当歌（女版）                                 ",2451,1269,530,"无"
"119","无","2019-04-19 20:49","【消防员出任务归来 宝宝“百米冲刺”扑到爸爸怀里】14日晚9点，陕西西安特勤二中队监控拍下温暖一幕。妻子抱着孩子等待丈夫平安归来，当消防员走下车的那一刻，孩子冲上前抱住爸爸。略显疲惫的消防员抱着孩子举高高。这一抱，仿佛卸去了全身的疲劳。辛苦了，致敬消防英雄！燃新闻的秒拍视频  ",3534,343,247,"无"
"120","无","2019-04-19 19:43","这是周五下班后的你，和工作/作业/论文嘛？ iPanda熊猫频道的微博视频 @iPanda熊猫频道  ",1625,243,282,"vivo X27 4800万三摄"
"121","无","2019-04-19 18:37","【他们，在荒漠戈壁上建起一座新城】1950年，时任新疆军区代司令员的王震带部队踏勘，走到石河子时，发现此处平坦辽阔，足可开发万亩良田，决定在此建一座新城。军垦战士们在盛夏顶着烈日，隆冬冒着风雪，用军镐开荒造田、修路盖房。茫茫戈壁上，镶嵌起一颗汗水与热血凝成的明珠。央视新闻的秒拍视频  ",1180,209,157,"无"
"122","无","2019-04-19 17:40","转发理由:少年强则国强，中国会越来越好。生快//@环球网:愿中国更强大，世界更美好。环球时报英文版十周年生快！  
原始用户: 胡锡进
转发内容: 环球时报英文版10周年。我们这10年里在中外复杂的舆论风雨中成长，我们与一个惊世骇俗、叫作“中国崛起”的进程共荣辱。在报社内部，我们是真正的兄弟。我们今天没搞对外的大活动，我们在办公区摆上蛋糕香槟自娱自乐，当场拼手气抢红包。老胡的任务是和大家同甘共苦，承诺并且做到大家的工资稳中有升，报社的明天越来越好。如果有人过劳死，老胡必须排第一哈。感谢所有关心支持了我们的人们。愿中国更强大、世界更美好。我们还要努力让环球时报的员工们都建立一份有尊严的生活。是的，我们会很努力！         [组图共9张]      原图                     ",958,120,70,"vivo X27 4800万三摄"
"123","无","2019-04-19 17:01","#五四精神传承有我# 1919-2019，百年过去，时代在变，五四精神却从未远去。为了祖国强盛、为了民族复兴，一代代青年，在最好的年华投身国家建设。少年中国说，吾辈当自强！纪念五四运动100周年，五四精神，传承有我！ @浙江团省委 @浙江大学团委 共青团中央的秒拍视频  ",984,285,115,"微博云剪"
"124","无","2019-04-19 16:17","#五四精神传承有我#  凝聚青年力量，谱写青春华章，期待看到更多你，和我们一起传承五四精神无论你是个人还是团体，我们都期待你的投稿 → xmtgzc@163.com@成都共青团@青春十堰 @青年湖南@南宁师范大学@新疆共青团 @云南共青团@中国航空工业集团有限公司 @浙江团省委 @中国建筑  [组图共9张] 原图 ",673,163,119,"360安全浏览器"
"125","无","2019-04-19 14:35","【贺星龙：他们把命交给咱，咱就守着】“他不是他妈妈的儿子，是我们几千口人的儿子，只要有他，我们就能舒服地过好每一天”。在行医的19年里，他用爱守护着父老乡亲们的身体健康。贺星龙，第二十二届#中国青年五四奖章#获得者，他把青春献给了黄土地上的父老乡亲。转发，致敬最美乡村医生！#百年五四#  [组图共9张] 原图 ",1446,430,218,"无"
"126","无","2019-04-19 13:21","大国博弈谁能笑到最后？拉美血管如何被美国切开？美国文化霸权发挥着怎样的作用？这些问题不知道答案？没关系，关注团团的B站账号，收看《青年网络公开课 3.0》，金灿荣、张捷等五位老师为你专业解答。传送门→http://t.cn/EXg73Sm 4月23日我们会有神秘更新哦！猜猜是啥？  [组图共9张] 原图 ",1350,319,274,"微博 weibo.com"
"127","无","2019-04-19 12:05","【榜样！49岁宿管阿姨和儿子同时考研成功 曾坚持背单词700天】49岁的原梦园是上海交大一位宿管阿姨，从儿子中学开始，她就用“陪读”方式考了会计师、中级按摩师等证书，还通过成人大学在复旦读本科……去年儿子想读研，她也有想法，结果儿子考取复旦大学，她被广西大学录取。新民晚报新民网的微博视频  ",2659,460,303,"vivo X27 4800万三摄"
"128","无","2019-04-19 10:53","【你的故事，我在听】小时候常听父辈讲述他们的革命故事？家中留有珍藏的纪念章、勋章？参观展览时内心汹涌澎湃……传承红色基因、展现爱国情怀，“新中国70年，镇馆之宝70件”文物和档案故事网上征集活动启动啦~投稿方式→_→http://t.cn/EXdXZY6  原图 ",646,88,97,"微博 weibo.com"
"129","无","2019-04-19 10:10","【571万人次限购动车高铁票！9图了解“老赖”受限行为】据国家发改委最新公布数字，截至3月底，共累计限购飞机票2047万人次，限购动车高铁票571万人次，联合惩戒成效显著。哪些严重失信行为会被限乘飞机火车？成了“老赖”，哪些消费行为将被限制？戳↓↓一定要讲诚信！@人民日报  [组图共9张] 原图 ",516,167,107,"vivo X27 4800万三摄"
"130","无","2019-04-19 09:09","【正直播：广西纪念五四运动100周年特别主题团日活动】重温革命历史，缅怀先烈，传承红色基因，以坚定的信念在新时代中绽放青春。青春心向党·建功新时代，#百年五四#特别主题团日活动正在进行中，戳直播↓↓↓快和团团一起围观吧～ 广西共青团的微博直播 .  ",765,191,101,"无"
"131","无","2019-04-19 08:00","【青运史上的今天，张秋人在《中国青年》上著文对中国青年军人联合会加以介绍】1925年4月，张秋人在《中国青年》第74期上著文对中国青年军人联合会加以介绍。指出，广州的青年军人联合会是一革命组织，它正努力从事三个方面的工作：1、发动一切被压迫的民众，向帝国主义和军阀进攻；2、深入士兵群众，启发他们的阶级觉悟；3、努力同工农群众结合，组成严密的联合战线。#百年五四#                  原图                             ",852,404,172,"无"
"132","无","2019-04-18 22:38","#晚安# 道一声晚安，放下手机，在今天的美好回忆中，入睡吧乀(ˉεˉ乀)  原图 ",2118,276,884,"vivo X27 4800万三摄"
"133","无","2019-04-18 21:26","小姑娘，消防叔叔帮你“圆梦”时间视频的秒拍视频 @时间视频  ",1816,214,219,"无"
"134","无","2019-04-18 20:29","【金钱利诱下 大学副教授出卖国家情报】某高校副教授周某，承担众多国防军工单位和军队大量涉密研究项目。赴国外研究时，周某被境外间谍情报机关以金钱拉拢。回国后，周某即出卖大量国防军工重要涉密数据和资料，对我国国防军事安全造成严重危害。2014年，周某被判处无期徒刑！央视新闻的秒拍视频  ",2692,642,731,"无"
"135","无","2019-04-18 19:29","中国的科技到底行不行？量子通信是怎么回事儿？氢弹为什么那么厉害？我们何时才能飞出太阳系移民宇宙……你曾否因这些高科技的问题所苦恼，还找不到一人为你解释？别着急，今天给你推荐一个好地方，上B站，搜索#科技袁人#，@中科大胡不归 为你在线解答！记得别关弹幕哦！传送门→http://t.cn/EXuCNze  [组图共6张] 原图 ",1680,325,304,"vivo X27 4800万三摄"
"136","无","2019-04-18 18:23","#五四精神传承有我# 凝聚青春力量，传承五四精神。少年中国说：五四精神，传承有我 @西北师范大学团委西北师范大学团委的微博视频  ",1345,3457,199,"360安全浏览器"
"137","无","2019-04-18 17:41","#五四精神传承有我# 1919-2019，历经百年，五四精神历久弥新。让我们一起不忘初心，砥砺前行[加油]（投稿邮箱→_→xmtgzc@163.com）@甘肃共青团 @中国航空工业集团有限公司@西安航天城实业 @中国华电 @江苏共青团 @南京师范大学团委@吴起共青团@中国中铁共青团 @中国建筑  [组图共9张] 原图 ",698,156,91,"360安全浏览器"
"138","无","2019-04-18 16:40","视觉中国被从重罚款  原图 ",3659,506,1211,"无"
"139","无","2019-04-18 16:11","【震撼！首艘国产航母第五次海试 大量内部画面公开】今年4月23日，是#人民海军成立70周年#纪念日。前不久，我国首艘国产航母进行了第五次海试，截至目前，首艘国产航母已成功完成了系泊、动力、作战、保障等多个系统的试验试航任务。感受一下↓↓@CCTV军事报道 CCTV军事报道的微博视频  ",1571,421,229,"vivo X27 4800万三摄"
"140","无","2019-04-18 15:25","【“贴砖工匠”崔兆举，小瓷片贴出金牌零突破】他，16岁初中毕业进入技校，19岁却在国际赛场上身披国旗。在有“技能奥林匹克”之称的第44届世界技能大赛上，他力挫群雄，一举夺魁，取得瓷砖贴面项目金牌。崔兆举，第二十二届#中国青年五四奖章#获得者，他用青春诠释“大国工匠”，致敬！#百年五四#  [组图共9张] 原图 ",1567,370,260,"无"
"141","无","2019-04-18 14:48","【台湾花莲发生6.7级地震！愿平安】今天13时01分，台湾花莲县海域发生6.7级地震，震中距海岸仅1公里，震源深度24千米。台湾全岛震感强烈，福建震感明显。央视驻台记者在台北经历剧烈晃动，听到房屋摇晃时发出声音，室内吊灯剧烈晃动持续约一分钟↓↓@央视新闻 央视新闻的酷燃视频  ",1059,936,434,"无"
"142","无","2019-04-18 13:07","【人均每天用手机84.87分钟 这回你“达标”了嘛？】第十六次全国国民阅读调查结果显示，2018年，我国成年国民人均每天手机接触时间为84.87分钟，比2017年增加了4.44分钟。超四成国民倾向于“手机阅读”（40.2%），首次超过“拿一本纸质图书阅读”（38.4%）。（@中国青年报）  原图 ",796,287,599,"vivo X27 4800万三摄"
"143","无","2019-04-18 11:52","【转存！18个高能PPT演讲技巧 答辩求职都用得上】 最后还有一个黑科技哟～  [组图共9张] 原图 ",999,732,88,"vivo X27 4800万三摄"
"144","无","2019-04-18 10:36","“海上蛟龙，陆地猛虎，空中雄鹰” 他们进汶川抢险，赴也门撤侨，在索马里护航、为南海守礁……他们，就是中国海军陆战队！致敬@人民海军 #人民海军成立70周年# 人民海军的微博视频  ",1898,428,233,"vivo X27 4800万三摄"
"145","无","2019-04-18 09:38","转发理由:为烈士献一束花 #五四精神传承有我#  
原始用户: 青年湖南
转发内容: 【青春心向党 建功新时代】#百年五四# 为深切缅怀革命英烈，传承弘扬五四精神，4月18日上午9:00，由共青团湖南省委、湖南省直机关工委、湖南省公安厅联合主办的湖南省公安机关“传承·筑梦——忠诚保平安”主题活动暨省直机关示范性主题团日活动将在湖南烈士公园举行。#五四百年# @共青团中央 @湖南公安  湖南公安的微博直播 .                     ",896,162,94,"微博 weibo.com"
"146","无","2019-04-18 08:53","【一周团团微博热榜：尊重版权保护，让讨论回归法律】①尊重著作权，不意味要“尊重”视觉中国的经营方式；吐槽视觉中国，也不能损害来之不易的保护知识产权的社会共识。②霍尊#中国华服日#vlog：真正能触动自己的，还是我们这片土地上的东西，这是血液里、灵魂深处、深入骨髓的东西。#青春的声音#  原图 ",1903,387,349,"无"
"147","无","2019-04-18 08:00","【青运史上的今天，西北青年救国一大召开】1937年4月，在延安召开了西北青年救国第一次代表大会。中共中央领导人毛泽东、周恩来、张闻天、朱德、博古等到会并分别从不同角度发表讲话。大会决定正式建立“西北青年救国联合会”，并选举产生了西青救会执委会。从此，西北青年救国联合会正式开始承担原来由共青团承担的各方面任务，努力团结教育广大青少年为中华民族的解放英勇斗争。#百年五四#                  原图                             ",1050,376,215,"无"
"148","无","2019-04-17 22:06","【爱阅读2018年我国人均阅读4.67本纸质书】第十六次全国国民阅读调查发布结果显示，去年我国成年人人均纸质图书阅读量为4.67本，成年人人均电子书阅读量为3.32本，有越来越多的人养成了听书的习惯。你喜欢读什么书？（图/@央视新闻）  [组图共9张] 原图 ",1028,539,397,"无"
"149","无","2019-04-17 21:01","【官宣】“国风新时代，中国正少年”。4月20日15:30，南京·江苏大剧院 ，@少年中国国风音乐节 暨“青年人最喜爱的国风音乐”颁奖典礼，这些国风音乐人都会来↓↓ 小伙伴们不见不散哟~ #国风新时代#  [组图共6张] 原图 ",7740,21465,9082,"无"
"150","无","2019-04-17 20:44","#国潮来了# 由中国青少年新媒体协会指导，天猫国潮行动×华裳九州联合举办的#国风大赏#即将到来 ！6月中国丝绸博物馆（杭州），不见不散！  原图 ",1238,152,198,"无"
"151","无","2019-04-17 20:07","【探寻夜空中最亮的星】“逐梦航天，合作共赢”，2019年“中国航天日”宣传海报正式发布。从历史穿越未来，探索太空之步从未停歇，逐梦航天之路永无止境。2019年4月24日，中国航天日，一起期待哟~ @中国航天科技集团 @中国航天科工  原图 ",1026,229,172,"无"
"152","无","2019-04-17 18:47","“恰同学少年，风华正茂；书生意气，挥斥方遒。”在五四运动100周年到来之际，@共青团中央 联合@今日头条 发起“我的青春宣言”话题征集活动。发布微头条或小视频，晒出你的闪亮青春，讲述你的奋斗故事，传递每个值得铭记的时刻。 #五四精神传承有我#  原图 ",823,310,85,"无"
"153","无","2019-04-17 17:35","【#834万大学生迎毕业季# 这份毕业面试指南，转发收藏】毕业季要到了，舍不得贱卖的书本，留下无数回忆的宿舍，总想逃的早上第一节课……纵使尚未佩妥剑，也要勇敢踏江湖。这份毕业求职面试指南，分享给你！加油，同学！@央视网  [组图共9张] 原图 ",596,280,93,"微博 weibo.com"
"154","无","2019-04-17 16:14","#五四精神传承有我# 时代在变，五四精神却从未远去。我们希望看到千千万万的你，一起传承五四精神（图片、视频原片投稿邮箱→_→xmtgzc@163.com）@津彩青春 @青春湖北 @青春十堰 @河南科技大学团委 @厦门航空 @武汉消防 @中国华电 @中国建筑 @中国中铁共青团  [组图共9张] 原图 ",889,321,241,"微博 weibo.com"
"155","无","2019-04-17 15:31","【救出一家四口后，消防员的脸成了这样】4月16日凌晨，四川内江城区某小区，一栋住宅楼的22楼起火，屋内浓烟滚滚，4人被困。所幸，消防员及时赶到，将4人成功救出。救援结束后，消防员满脸沾满烟尘。感谢你们，#致敬消防英雄#！红星视频的秒拍视频  ",2755,349,229,"vivo X27 4800万三摄"
"156","无","2019-04-17 14:15","转发理由:#五四精神传承有我# 让我们黄金般的青春，放射出不可磨灭的光彩，我们等你来~ 参与方式详见→_→网友问：“我们为什么还要过‘五四’？”  
原始用户: 厦门航空
转发内容: #五四精神传承有我# 1919年-2019年，百年过去了，时代在变，五四精神却从未远去。我们是厦航青年，我们是祖国忠诚的儿女，五四精神，传承有我[加油]！@共青团中央 #百年五四# 厦门航空的秒拍视频  ",556,160,67,"微博 weibo.com"
"157","无","2019-04-17 12:42","难道这就是传说中的“进退两难”？@iPanda熊猫频道 iPanda熊猫频道的秒拍视频  ",3840,746,617,"无"
"158","无","2019-04-17 11:46","海军航空兵，请继续前进！致敬@人民海军 #人民海军成立70周年# 人民海军的微博视频  ",2017,437,238,"vivo X27 4800万三摄"
"159","无","2019-04-17 10:31","【41家旅行社被取消或注销相关业务！五一出行要注意】今年以来，文化和旅游部分3批，已取消30家旅行社的出境游业务、注销11家旅行社的旅行社业务。五一小长假将近，你是否有出行打算？跟团游记得选择具有合法资质旅行社，才能更好保护自身权益。公告名单+五一出行攻略↓↓转发收藏！@人民日报  [组图共9张] 原图 ",546,343,100,"vivo X27 4800万三摄"
"160","无","2019-04-17 09:40","早起的鸟儿有虫吃，跟热点太快的骗子有@平安北京 照顾  原图 ",3534,293,585,"vivo X27 4800万三摄"
"161","无","2019-04-17 08:50","【青运史上的今天，青年学子和少数民族驮工组成骆驼运输队】1942年4月，缅甸陷落，印中空运受到严重威胁，几位青年学子和新疆百余名少数民族驮工组成了一支骆驼运输队运送援华物资。运输队由印度列城出发，穿越喜马拉雅山麓，翻越喀喇昆仑山，最后抵达新疆叶城。直至抗战胜利，我国海岸路线开通后，这条线路的驿运才宣告结束。#百年五四#                  原图                             ",1063,264,122,"vivo X27 4800万三摄"
"162","无","2019-04-17 08:03","【为一件事踏踏实实奋斗，就是一种成功】你是否曾迷茫焦虑，怀疑所做的事是否真的值得，付出的一切能得到什么。其实，没有谁的生活一帆风顺，披荆斩棘才是常态。和生活较量，靠的不是运气，而是拼到极致的勇气，是面对苦难不服输的那股劲。但行好事，莫问前程，你会习惯于劈风斩浪地前进。@人民日报             [组图共9张]      原图                             ",1641,1184,376,"vivo X27 4800万三摄"
"163","无","2019-04-16 23:34","#团团有话说# “泪失禁”是指：每逢和人吵架或是情绪稍微激动些时，都会控制不住地想哭。还有“懂事崩”：情绪崩溃也无法随心所欲，只能在确保第二天能够休息的深夜里很“懂事”地独自崩溃。你会因为什么事情“泪失禁”？会在什么样的时刻“懂事崩”？是否有想要感谢的人，TA曾经陪你跨过艰难？你的成长故事，欢迎告诉团团，如果有感谢或表白也可以告诉团团，团团可以帮你上墙哦→_→http://t.cn/EXpA6GM                   原图                             ",1857,719,741,"无"
"164","无","2019-04-16 22:03","【网友问：“我们为什么还要过‘五四’？”】用革命家、教育家徐特立的话讲：“五四”以来，许多革命前辈的那种国而忘家、公而忘私的忘我精神和伟大抱负，那种不避艰险、不惜牺牲、不辞劳苦、不怕困难的顽强的革命斗志，永远值得我们好好学习。#五四精神传承有我# 网友问：“我们为什么还要过‘五四’？”  ",1962,902,411,"微博 weibo.com"
"165","无","2019-04-16 20:43","【@朱广权 ：比4G更快的是5G，比5G更快的是共同关注的手语翻译】“比4G更快的是5G，比5G更快的是共同关注的手语翻译，比手语翻译还快的是人的思维能力，比人类思维变化更快的就是人间四月的天气……”万万没想到，这居然是一段天气新闻 央视新闻的秒拍视频  ",3244,522,394,"vivo X27 4800万三摄"
"166","无","2019-04-16 19:30","提起天津，你首先想到的是煎饼果子、狗不理包子，还是相声、天津之眼？天津，是中国工业文明的先驱城市，也是北方曲艺之乡。海河两岸风光秀丽，完整地保存着大量近代史迹、名人故居、风貌建筑……今天，外交部向全球推介天津，一起来看→_→天津发布的微博视频 #活力天津#@天津发布  ",1359,516,560,"vivo X27 4800万三摄"
"167","无","2019-04-16 18:34","【习近平就法国巴黎圣母院发生火灾致法国总统马克龙慰问电】国家主席习近平4月16日就法国巴黎圣母院发生火灾向法国总统马克龙致慰问电，向全体法国人民表示诚挚的慰问。习近平指出，巴黎圣母院是法兰西文明的重要象征，也是人类文明的杰出瑰宝。中国人民同法国人民一样，对此次火灾深感痛恻。相信在法国人民努力和国际社会支持下，巴黎圣母院一定能顺利修复、再现辉煌。@央视新闻                  原图                             ",2340,386,353,"vivo X27 4800万三摄"
"168","无","2019-04-16 17:14","转发理由:传承民族精神，彰显文化自信，第二届#中国华服日#的精彩瞬间，小伙伴们还记得嘛~新时代，新华服，新青年#向时代致敬# 更多精彩活动，敬请期待哟~  
原始用户: 微博国学
转发内容: @微博国学 作为第二届#中国华服日#  重点合作伙伴，深度参与， 携手旗下矩阵账号联动@共青团中央  ，助力“华服日”精彩内容线上传播[加油][加油]弘扬传统服饰之精华，传播华服之文化，彰显华夏礼仪之风采更有国学大V@无为闲客梁兴扬  @维京菇凉_ 亲临现场，互动不停，第一视角带你领略华服之美              原图                     ",787,142,156,"微博 weibo.com"
"169","无","2019-04-16 16:14","转发理由:在建档立卡的贫困户中，团中央会帮助十万名学子完成学业，十万名大中专毕业生就业，十万名有志青年返乡创业……追梦，我们与你在一起  
原始用户: 中国青年报
转发内容: #新青年耀青春# #中国青年说# 【如何帮助青年人追梦圆梦】继#两会青年说#之后，#中国青年说#重磅来袭！这一次，联合国全球契约组织总干事金丽莎和我们一起，触碰青年所想，对话青年发展。这里有详尽的“发展指南”，更有联合国新近发布的项目简介，好奇吗？快来看吧！@共青团中央 @联合国 @演员胡先煦 @中国青年网 中国青年报的微博视频                     ",816,146,112,"微博 weibo.com"
"170","无","2019-04-16 14:29","【孩子不好好吃饭爸爸出奇招忽悠 网友：似曾相识的套路】小朋友不好好吃饭，爸爸在碗中画条线，说“咱俩一人一半，你只需要吃这半边的，开始吧！”然而，小朋友吃的是粥……小时候，你被爸妈忽悠过吗？燃新闻的秒拍视频  ",1442,298,347,"无"
"171","无","2019-04-16 13:32","转发理由:一起来分享身边的优秀青年故事，其他的重点不用团团多说了吧#百年五四#  
原始用户: 青年湖南
转发内容: 【官宣】百年风云激荡，中国的青年们一直卓立时代潮头，在奋斗中释放青春激情、追逐青春理想，一代又一代中华儿女高举五四的火炬，照亮了中华民族伟大复兴的光明前景。今年，是五四运动一百周年，让我们一起骄傲地吹起青春号角、绽放青春魅力！为了纪念#五四百年# ，团团准备了海量福利，关注团团@青年湖南 转发此微博@ 一位好友即可参与。共7轮抽奖，4月22日开始第一轮！持续关注团团吧，也希望大家多多参与#五四百年#话题，分享你身边的五四精神和青年故事 #湖南团团在你身边#         [组图共9张]      原图                     ",483,113,77,"无"
"172","无","2019-04-16 12:24","【如果将他的经历拍成电影，一定会十分精彩】16岁上大学，30岁评教授，39岁当院士，40岁授少将，这位从大湘西农村走出来的国际著名细胞生物学、遗传学、共和国将军，其传奇故事能撑得起一部电影。贺福初，第六届#中国青年五四奖章#获得者，他把青春献给了人类健康事业，致敬！#百年五四#  [组图共9张] 原图 ",3240,703,382,"无"
"173","无","2019-04-16 12:01","【#三分之一的癌症可以预防#，科学抗癌你得知道这些！】据国家卫健委疾控局，我国每年新发癌症病例超350万，死亡病例超200万，防控形势严峻。对于癌症你了解多少？如何分辨身体出现的癌症危险信号？哪些坏习惯最容易引发癌症？…第25个全国肿瘤防治宣传周，戳图了解↓↓为你和家人的健康，转发！  [组图共9张] 原图 ",750,613,103,"无"
"174","无","2019-04-16 10:47","【你不可不知的职场礼仪 快转给需要的TA】面试时，如何穿得大方得体？应该注意哪些礼仪？戳图，转给已进入职场或即将进入职场的TA!  [组图共9张] 原图 ",1333,981,178,"vivo X21屏幕指纹手机"
"175","无","2019-04-16 09:50","【于营村脱贫记：扶贫就是这么一点一点干出来的】村庄变美了。柏油路将村民送到家门口，路灯亮了，连成了线。春天的气息催人奋进。2019年于营村建设新规划，已跃然纸上。林荫绿廊、温馨民宿、魅力广场……一两年后，一切或将成为现实。#壮丽70年·奋斗新时代# http://t.cn/EXXTBdH 津云的微博视频  ",692,159,104,"无"
"176","无","2019-04-16 08:43","【青运史上的今天，团中央发放“中国共产主义青年团团员证”】为了加强团员的管理工作，青年团三大以后，团中央部署各级团组织开展团员证颁发工作。建立团员证制度，青年团一大制定的团章就有此规定，但是一直没有付诸实施。1925年4月，团中央把“中国共产主义青年团团员证”发给了各地方团组织，同时要求认真填写并发放。#百年五四#                  原图                             ",1355,443,257,"无"
"177","无","2019-04-16 07:44","【现场视频：巴黎圣母院发生火灾 塔尖已倒塌】当地时间15日傍晚，有800多年历史的法国巴黎圣母院突发火灾，大火燃烧猛烈，现场浓烟滚滚，圣母院的塔尖坍塌。目前，火势已趋于稳定，消防员称，圣母院主体结构被“拯救”。法国总统马克龙宣布，将重建巴黎圣母院。@央视新闻 央视新闻的酷燃视频  ",5072,2076,3770,"vivo X27 4800万三摄"
"178","无","2019-04-15 21:38","#团团有话说# 现在，开启了通往18岁的传送门 你还记得18岁那年的事吗？你想对18岁的自己说点什么？如果回到18岁，你想做什么？把你的故事讲给团团听吧→_→http://t.cn/EXiCM0P  原图 ",862,226,807,"vivo X27 4800万三摄"
"179","无","2019-04-15 20:48","【这不是危言耸听 间谍可能就在你身边！】国家安全无小事，千万不要大意！划重点：国家安全部设立的举报间谍行为或线索的全国统一热线12339！守护国家安全，人人有责央视网的秒拍视频  ",2942,1297,615,"vivo X27 4800万三摄"
"180","无","2019-04-15 19:39","【还没提车配件就断了？34万元奔驰“新车”竟是拍卖车】4日，王雯在上海中升之星奔驰4S店花了34万余元购入新车，还没提车就被4S店通知前围板有配件断裂。她提出退车请求，工作人员称可以“免费更换”“赠送配件”“减免保费”等，但不同意退车。交涉后，店方承认这是辆拍卖车。新民晚报新民网的微博视频  ",2043,690,696,"vivo X27 4800万三摄"
"181","无","2019-04-15 18:31","习近平：一个国家、一个民族不能没有灵魂（《求是》）一个国家、一个民族不能没有灵魂  ",3120,1102,427,"无"
"182","无","2019-04-15 17:26","【乘扶梯左行右立？上海：不再提倡】日前，上海地铁发布新版自动扶梯乘梯须知，明确“禁止在乘扶梯时行走和奔跑”。专家表示：①扶梯的梯级高度、踏步宽度与楼梯不同；②一旦摔倒或发生紧急情况，“左行右立”易“带倒一大片”；③“左行右立”会磨损扶梯，加快老化。央视新闻的秒拍视频  ",704,195,186,"vivo X27 4800万三摄"
"183","无","2019-04-15 16:30","转发理由:转发助力脱贫攻坚！采茶中，速速围观 //@共青团昌宁县委: 守护千年茶乡，助力脱贫攻坚！水木年华缪杰带着家乡来客的小伙伴走进千年茶乡，领略五彩昌宁文化，细品千年古树茶。  查看图片  
原始用户: 水木年华缪杰
转发内容: 水木年华缪杰昌宁助力茶农^_^@水木年华缪杰 的一直播（下载App->http://t.cn/RDUuslr）  ",450,54,46,"微博 weibo.com"
"184","无","2019-04-15 16:14","【#奔驰车主漏油维权# 车主质疑的1.5万元金融服务费是什么？】记者发现在4S店购车时缴纳金融服务费是普遍现象。知情人士表示，金融服务费就是贷款时收的服务费，不同4S店、不同车型可能有区别，一般来说是按贷款金额的3%到5%来收取。（划重点→_→）但这个费用，是没有法律依据的。央视财经的酷燃视频  ",2171,440,746,"vivo X27 4800万三摄"
"185","无","2019-04-15 15:05","【感受一下这座水电站，觉得《流浪地球》这事儿中国人真能干出来】中国金沙江，有一座让人类深感渺小的“史诗级”建设工地！这个全球在建规模最大的白鹤滩水电站，真是满足了人类对科幻小说情节的各种幻想！顺手修完公路大桥这操作真是让人了（@国资小新）国资小新的微博视频  ",3109,901,498,"vivo X27 4800万三摄"
"186","无","2019-04-15 13:55","你知道“吕梁山小平原”指的是哪里吗？你知道在哪里土豆能够“嚣张横行”？“捣拿糕”、“凉夷子”、“圪饦汤”都是些什么好吃的？戳链接，和团团一起走进山西省岚县，尝美食、听美乐、看美馍！@共青团中央 的一直播  ",502,78,110,"一直播"
"187","无","2019-04-15 13:45","不要问我在哪里……#人民海军成立70周年# @人民海军 潜艇部队人民海军的微博视频  ",2062,470,258,"无"
"188","无","2019-04-15 12:53","【九旬老英雄深藏战功60多年：我和牺牲战友相比差得很多】1948年，他是西北野战军的突击队员，九死一生，立下赫赫战功：2次获评“战斗英雄”、1次特等功、3次一等功……退役转业后，他主动选择到偏远地区工作。60余年中，张富清老人将奖章和证书压在箱底，从未向他人提及战功。他说：“我的很多战友都献出了宝贵的生命，他们的功劳比我高，我有什么资格标榜自己。”致敬！央视新闻的秒拍视频                                 ",2486,559,336,"无"
"189","无","2019-04-15 11:56","【警惕国门之外的陷阱！】#全民国家安全教育日# 在出国（境）期间，如何保障自身安全，如何防范境外间谍组织、敌对势力的拉拢与威胁？危险可能就在你身边，看警示案例，提高安全意识 （南京市国家安全局）共青团中央的微博视频  ",1328,507,200,"微博云剪"
"190","无","2019-04-15 10:55","【你努力的样子真美！无腿女孩创业直播：想练马甲线】陕西宝鸡的无腿女孩“渭梅女”，从小失去双腿。她不愿意把自己当做残疾人去面对生活，于是她游泳、健身，想练出马甲线……如今她创业直播，在网上卖服装，这种坚强独立感动了无数人。网友：只要你想，没有什么不可以！赞！正能量News的秒拍视频  ",4776,931,511,"无"
"191","无","2019-04-15 09:50","【习近平：国家安全是头等大事】①实现中华民族伟大复兴的中国梦，保证人民安居乐业，国家安全是头等大事。②必须坚持总体国家安全观，以人民安全为宗旨，以政治安全为根本，以经济安全为基础，以军事、文化、社会安全为保障，以促进国际安全为依托，走出一条中国特色国家安全道路。今天是第四个全民国家安全教育日，习近平总书记关于国家安全的一些重要论述，一起来学习！@津彩青春             [组图共9张]      原图                             ",1452,982,318,"无"
"192","无","2019-04-15 09:00","【青运史上的今天，中国教育会成立】中国教育会是矢志救国的蔡元培会同一些激进的新派人士于1902年4月15日在上海发起创办的，1902年冬正式成立，有会员100多人。中国教育会是国内学界建立的第一个具有革命倾向的团体。它最先把国内一批新式知识分子和学生中的爱国志士聚集起来，初步形成了有组织的群体。#百年五四#                  原图                             ",929,331,124,"无"
"193","无","2019-04-15 08:11","【自律，是为了不再被生活拖拽着前行】生活是一趟单向旅程，不能重来。别把时间耗费在间歇性踌躇满志与持续性浑浑噩噩中不断反复。渴望生命怒放，需要拼到极致的勇气。沉淀自己，聚沙成塔，滴水成海，再小的努力乘以365天都会变得伟大。或许前路漫漫，但只要你有移山填海的韧劲，生活终将美好。#早安#  [组图共9张] 原图 ",1987,1186,424,"无"
"194","无","2019-04-14 22:41","你最喜欢的国风音乐是哪首？评论区分享给我，下周有惊喜     原图 ",4565,2308,23286,"帅团的Android"
"195","无","2019-04-14 22:02","【厉害！青岛港工人装载车开酒瓶创世界纪录】1分钟内驾驶装载车开30个啤酒瓶盖？这绝不是神话，这是青岛港装载机车长郭凯创造的吉尼斯世界纪录。在现在的我们节目中，他将难度升级，首次户外挑战成功！曾经毫无基础的郭凯师傅如何一路逆袭成为港口金蓝领？一起来看↓↓↓山东卫视现在的我们的秒拍视频  ",1055,198,174,"帅团的Android"
"196","无","2019-04-14 21:19","【小学生上电视控诉校门口交通乱，原因为何？】北京酒仙桥中心小学的校门口常常因早晚高峰和老年代步车等问题，引发学生上学路上极大的安全隐患，而其中家长接送孩子乱停车也成为问题的来源。有专家疾呼：孩子为大人让车是我们的耻辱。你怎么看？北京卫视的秒拍视频  ",907,112,253,"帅团的Android"
"197","无","2019-04-14 20:37","【经典传唱人@曹轩宾ShaneBin 把《遥念词》唱给你听】“一寸丹心图报国，两行清泪为思亲。”曹轩宾深沉动人的歌声，与京剧唱腔和弦乐四重奏完美融合，唱响了民族英雄于谦家国“两难”的忧愁孤寂，找寻着报国之心与思亲之情的平衡，致敬古今默默无闻牺牲奉献的将士与军人！CCTV经典咏流传的秒拍视频  ",957,971,433,"帅团的Android"
"198","无","2019-04-14 19:47","【郑州车主遇奔驰故障维权受阻：逼我也坐引擎盖哭？】继西安#奔驰车主漏油维权#后，郑州的王女士也遇到类似的情况，她在郑州之星奔驰4S店花了40万买了一辆奔驰C260，提车不到24小时，车在行驶中方向盘助力系统突然失效。根据“三包”法，王女士可以要求退换车，没想到却遭维权难。大参考的秒拍视频                                  ",3571,700,1098,"帅团的Android"
"199","无","2019-04-14 18:53","【干货收藏！聊聊#毕业论文查重#那些事儿】临近毕业季，你的毕业论文写得怎么样了？一想到查重就头大？要知道，毕业论文≠Ctrl+C和Ctrl+V！想顺利毕业，论文查重不能马虎！怎样提前查重自测？什么行为算抄袭？查重前哪些需要特别注意？…九图了解论文查重那些事儿↓↓祝你论文一次过，转需！              [组图共9张]      原图                             ",1057,775,168,"帅团的Android"
"200","无","2019-04-14 17:35","【泪目！列车仅停靠半小时，母亲狂奔一公里见武警儿子】聂金莲是名有24年工作经验的乘务员，也是一名武警战士的母亲。近日，原本不跑上海线路的聂金莲因临时顶班来到上海站，虽然仅停靠半小时，且已是子夜，她还是想抽出时间看看就在不远处当兵的儿子张定宇，这一切儿子并不知情...军报记者的微博视频                                  ",5468,1043,642,"帅团的Android"
